Supplier_ID,SR_L2,SR_L1,SR_LC,SR_ME,PI_L2,PI_L1,PI_LC,PI_ME,SW_L2,SW_L1,SW_LC,SW_ME,SQC_L2,SQC_L1,SQC_LC,SQC_ME
A_{01},0.6654874920087638,0.674775339609617,0.6659425829256009,0.6623434301160988,0.7016129387552592,0.7359904324974148,0.686895168426047,0.7370055749884369,0.3160028632285611,0.36222847371411193,0.3171806002851424,0.42449868247326505,0.548260200888857,0.5769163950521617,0.5565733024479746,0.41092913175752177
A_{02},0.8244643045738161,0.8315619825117069,0.8283577630541639,0.8347890060828831,0.4876991162687668,0.5069049300581052,0.483725623859853,0.4488197686321246,0.5777368718034104,0.5752836713046074,0.5737203906199594,0.6249614621616748,0.8012571866110462,0.8371373283520941,0.7902927743446229,0.889642767514546
A_{03},0.41074601525749493,0.39874326291158385,0.4084823242439307,0.34929408095168785,0.7756164297546412,0.8144396277252081,0.7747312950573001,0.6582833082936569,0.4806583298896411,0.4647721228662412,0.4763858472655541,0.5099608814894925,0.17388580031934495,0.1778938967389994,0.1858365573723498,0.06874368737093824
A_{04},0.3902827915709832,0.4243996665342442,0.39485708190270913,0.4171671574711298,0.493509230796031,0.4971952816215467,0.4833366002365685,0.5385729208480121,0.20516155473791528,0.2324444436943275,0.20618585070483508,0.2755430077792492,0.8457598760593635,0.877719439410241,0.8357932545477109,0.9324649218583788
A_{05},0.3458461537560937,0.3721563139720932,0.3485771644761915,0.35598345531050496,0.6471175693815256,0.6835249144940279,0.6466487579216585,0.5212733659853437,0.176233952225822,0.20419932699701857,0.1786841678657559,0.2214408576961944,0.8154342799051616,0.8492684696985019,0.8044831017862114,0.9047877736677988
A_{06},0.34950517498481637,0.3773915530849597,0.35435694373274174,0.3613121117774879,0.5221500924232461,0.5523695900232444,0.5167842079276447,0.497640111549781,0.6066844283067215,0.6102555678755306,0.6055699228903071,0.6677280272950219,0.7925481951720803,0.8279793134627946,0.7820332192011992,0.8737224524724184
A_{07},0.9777531835461608,0.975409343088482,0.9820194214399914,0.9999989776477084,0.4006662698791538,0.3820875696985731,0.38605935203735486,0.30866694009240564,0.5760529529021817,0.5741924470772947,0.5724593070822506,0.624744632150363,0.8086109443215009,0.8386360012179472,0.7987320809765303,0.8755933022438971
A_{08},0.6941462636349075,0.7103399965160275,0.6949913679305131,0.6867768002869256,0.8283637087064892,0.9096001133592028,0.8114174626580313,0.9118112530009423,0.7491417965452053,0.786409895459357,0.7482752656060315,0.8494365040975971,0.7075173845004582,0.7445217031489686,0.7043713075379343,0.7163101207421884
A_{09},0.3625022535868586,0.3903658646324408,0.36454465320420254,0.3736456861583422,0.5208547991783316,0.576214243668717,0.5180688233012667,0.39529148450885265,0.34570423753468255,0.3997221271125336,0.34708607655877033,0.46177230873526226,0.32377607904436884,0.339591832864406,0.33968402710037965,0.15723518638561876
A_{10},0.5613076288038976,0.6107700138161694,0.5621358755235384,0.5927762791554727,0.6198101550573127,0.6014209557726126,0.6045843746125963,0.5291402933235445,0.3097236391897125,0.3583769878361658,0.3112411410005996,0.41550972835628514,0.8624724970321931,0.8917888535872838,0.8532632234334704,0.9505633891231766
A_{11},0.2138114201469471,0.22396799394340877,0.21609850641792427,0.20266410539684332,0.8919832493546903,0.9435434920944183,0.8811683877691332,0.9480313962233065,0.2471710200615677,0.27355223382814503,0.24895774303694032,0.3519653723990631,0.67058071132089,0.7072096243563614,0.6648756251814573,0.6889946896250077
A_{12},0.32737608064459434,0.34969932044089547,0.3298591674708406,0.33143213774944713,0.5785753603931091,0.5438487102646754,0.5717035403621513,0.4488272999469776,0.40003558753662105,0.4570440535321247,0.40166541698244,0.5408224983960821,0.7523655701367811,0.7786789046373359,0.7436209816505469,0.7743246546278443
A_{13},0.807606426785142,0.8238881466740527,0.809539932839284,0.8110614132859966,0.6482723760780976,0.7030359200634007,0.6426474296636129,0.5905604460496976,0.4379606622507611,0.4988590876074379,0.4392986046250909,0.5855375057051523,0.8245552549525917,0.8641465595550563,0.8128613613846006,0.9417816798633326
A_{14},0.6860493980380764,0.6972179324699216,0.6868137196557524,0.6838817609942186,0.817282249455379,0.8679984305111595,0.802261408608716,0.8629928086711978,0.4121755461778106,0.4691525640658325,0.4130468050953372,0.5487979133689074,0.8878431057554297,0.915594416181396,0.8801516790292102,0.9690643574925798
A_{15},0.2816681892113706,0.296412347243484,0.26942889233474127,0.2905199675296868,0.18013461213326706,0.1185954395244273,0.18102742547210987,0.1905501826654149,0.3968110237358267,0.4548727549158057,0.4001588928656347,0.5402809653913908,0.8262965925555109,0.8602152568118375,0.8161610489369886,0.919621920845262
A_{16},0.9002961615167004,0.9125535010056168,0.9027468882811144,0.9195295309012612,0.8190097241223113,0.8718799935780784,0.8153840745720705,0.7275744880957186,0.3988822473023148,0.4533798449543393,0.4004000242094968,0.5419020186633874,0.5240631696643615,0.5482162608935693,0.5337404497225939,0.37514923586704046
A_{17},0.5785688271722287,0.6243626662505031,0.5651648267778787,0.6273408734246703,0.5075344246317319,0.5037902082051794,0.494037703604043,0.6299167126930478,0.5187628094532747,0.5069006864317407,0.5143400548638973,0.5515586682464941,0.8255428599559235,0.8619552535807944,0.8134802345467618,0.944863779241686
A_{18},0.4107343245025636,0.4458022337425283,0.4124033476642483,0.44098476279592447,0.34478708406594494,0.34023302205718076,0.3527348767965197,0.12599914497104614,0.29307670564915106,0.324504297577228,0.29329903692169496,0.3953879227831144,0.8496941795226387,0.8824096706116696,0.8398289662971327,0.9440958754292844
A_{19},0.8120980158563533,0.8127790063621805,0.8140777847866573,0.8090434163596278,0.5722145067850378,0.6468828506004469,0.570205276866985,0.47560480058665267,0.3999686562921064,0.45891661175141174,0.40355094357348575,0.5451148774324852,0.87475837961208,0.9060314774194392,0.8674831293910091,0.9568475820056432
A_{20},0.37177286699133144,0.39787690765294104,0.3727853062618861,0.376606641453604,0.39440138761046567,0.38572622077992874,0.3967715710096823,0.30393918975884643,0.40171182889648993,0.4593168960681413,0.4046439913778654,0.5408782172651151,0.850907343412758,0.8839023775290529,0.8412313715210319,0.9460828294059992
A_{21},0.15995920869076843,0.16443150710946006,0.1641898731193634,0.15139218173892513,0.4983068433769041,0.5113586973826073,0.4760559267790098,0.4551227243189494,0.39261166837977446,0.4389536002778836,0.39267371055305583,0.5124303705199814,0.7282637458764932,0.7624265281086642,0.7189354519060667,0.7795541185825574
A_{22},0.8597869074504488,0.8641836974309739,0.8606787276520348,0.8525648540785705,0.35335834585592385,0.36653482722393566,0.36221345537820154,0.17953934967723872,0.6933668089958759,0.7145973976498174,0.693252510345618,0.77594545508257,0,0,0,0
A_{23},0.4170676039197632,0.45076304078790097,0.4195564488743477,0.436969376136634,0.522554540343177,0.5543388212945543,0.5200236852932679,0.4929150481590451,0.2497811333032789,0.2795672933029791,0.2518368642044836,0.35085492540607544,0.8871368949329184,0.9157566802583952,0.8794589444082381,0.9702908198403194
A_{24},0.2095179689432385,0.22940773848269935,0.20621097601151603,0.25073307667920297,0.34351791865101927,0.30954896223383194,0.33945737258885833,0.20000667482614568,0.479562289823437,0.5560155444598174,0.4805785550265194,0.6504323666729832,0.8492498398072216,0.8838998561197658,0.8389797069257524,0.9562684629769012
A_{25},0.5833002946152379,0.5995786034724473,0.5832524344102378,0.5667858526671437,0.3679326341618618,0.38604890552933074,0.3740283930093053,0.2000128906619466,0.4544621456633025,0.4303712970252907,0.4495234902741247,0.47651251536492045,0.8128021840879391,0.8458393109658623,0.8016785583428528,0.8987081826595419
A_{26},0.5331284801907508,0.5448898467285276,0.5339026353580357,0.5181030892120442,0.45046751605518215,0.4020319102781856,0.44911695929350653,0.1763960621971477,0.11461761082076811,0.13189090232506967,0.1160290547491542,0.15171187863001678,0.9061494920730176,0.9296304894938272,0.8993308050873002,0.9768331227660672
A_{27},0.5657655470236883,0.575244414480256,0.5672911131394689,0.5531557595172848,0.5353643581127349,0.5841725892316127,0.5269971703663883,0.44883124139063746,0.20935627860120015,0.23177900319209097,0.20894571603732345,0.2752366293042684,0.7750690660817748,0.809474230231148,0.7650940526565225,0.8417072204237288
A_{28},0.5243968299024817,0.5703977864037194,0.5253454860840182,0.5553270808559088,0.6949271728901056,0.741152411599559,0.6770003350227313,0.7433049432573643,0.3161856090957813,0.3497043375904413,0.31700005588172747,0.4334135821828807,0.8985793345273205,0.92650484715752,0.8919157907291634,0.9790337267049564
A_{29},0.3810663958296677,0.4076783960713586,0.3696690424697832,0.41030982886007744,0.08881208486825769,0.006200061175169,0.07454166622280331,0.07715829494482121,0.29204254770613686,0.32331172942311065,0.2925577423561098,0.3964278919624925,0.7233118739895459,0.7610113133029561,0.7015867957836046,0.8695637315942906
A_{30},0.30738434758657557,0.3266814957344024,0.3086505606653326,0.30693876923528635,0.6601912919390636,0.7241042806698811,0.6446220968585392,0.7622002349627103,0.3729708175099504,0.42545159231062224,0.3747136277993242,0.5058482444381256,0.8269314155524061,0.8577216057718522,0.815808331989753,0.905179532691165
A_{31},0.6205078946949057,0.621705308131627,0.619231281761919,0.5892033101983997,0.538723176099663,0.5476857784164519,0.5372446844609647,0.3984356828535229,0.469383242613084,0.5377160568997313,0.4700624012871869,0.6238516727842377,0.7654728937367039,0.8008586090284259,0.754742120170114,0.8349328408153919
A_{32},0.37350532264772546,0.3982671620075051,0.3605465320326956,0.40489287355333464,0.5987894576007344,0.6373152116338381,0.5953697515862459,0.44411044159731095,0.4213504636619201,0.3908627740535886,0.41486076896757024,0.4360881965122724,0.9118821763076056,0.934639640514515,0.9055732413062332,0.9770289103107924
A_{33},0.34959221777899435,0.38880729920084967,0.34936701392891867,0.41069871719146184,0.49576324863105226,0.5201128838925285,0.4872519814556309,0.4456717430991425,0.5234172563924732,0.6036486855817703,0.5232238194119164,0.6909367304331123,0.9364304307542818,0.9531639757934752,0.9316456007545348,0.9861276422229682
A_{34},0.35261619759235213,0.3769232324877515,0.3541974331316162,0.35668569091049523,0.5770174700128116,0.5556129120992959,0.5688070527074621,0.3968640705823416,0.374773800821751,0.4356139429916141,0.3755619039289856,0.5002180596833968,0.9128863543264178,0.9356386305627848,0.9064875576812954,0.981180003862932
A_{35},0.5629221857724831,0.6047822370785155,0.5642317795793181,0.5728961305929963,0.31255614147602345,0.28396011528597204,0.31992060266538325,0.12756807083013405,0.4311575884358607,0.4953952230475665,0.4324297819407803,0.58133038486911,0.923560466629872,0.9443807182712238,0.9183641683092914,0.9824956084842256
A_{36},0.3765703748136692,0.4057991234949689,0.3784435536419722,0.3870502232214832,0.5126494003351242,0.5544463108221371,0.5025582703680241,0.42048209995618385,0.3862371619808522,0.4453954406645048,0.3863879334296626,0.5126374815715246,0.9150818755959312,0.9389574624370952,0.90946148387571,0.9832682616956784
A_{37},0.3232824261027455,0.3476584131792983,0.32488776432146305,0.33833848435698527,0.7267695622329232,0.7831054856256625,0.7112225744106287,0.7889745558550457,0.11408187740971464,0.12974179464080826,0.11581995820532508,0.1552536271004315,0.7861927407198717,0.8223920093913825,0.7757742524547574,0.8670408452688672
A_{38},0.33407178859524056,0.35561572108509637,0.32276472366749065,0.3566016861666731,0.9345954840429224,0.9927862883239812,0.9256682697645282,1,0.2298205278532739,0.24887435176721576,0.2283914316049537,0.31596047896946877,0.5915575727700316,0.6302252928816414,0.5996985800506647,0.5118180122190422
A_{39},0.19700171747506665,0.2054563591304485,0.1996350117333448,0.18267186422689308,0.3327209050899085,0.3161022462950388,0.34198207342568554,0.1622128155377315,0.44101018320596985,0.5065084271458911,0.441409323979081,0.5801449799469566,0.8592858362862187,0.8869446842939355,0.8491695055187931,0.9375274701074244
A_{40},0.37716449589991086,0.4051151605052564,0.3782863427031616,0.3883665433533015,0.4343392443030195,0.41541495504388615,0.417199669942155,0.30394534443875393,0.2720277337640888,0.2965313938159068,0.26955771298614173,0.3566839481765105,0.9413182509386656,0.957403101591763,0.9370090477301132,0.9888934251418968
A_{41},0.3692049751978128,0.3970303242763338,0.3708266868946865,0.38219602710156786,0.7351896427043892,0.7720339958647179,0.7318478170049627,0.6330832003435667,0.1517589594274259,0.17647555756952368,0.15312756760312235,0.18909751692379212,0.7473412973904118,0.7837842897079191,0.7480649398388699,0.7416478347403798
A_{42},0.6642992379635696,0.6736190728648246,0.6635580796472669,0.6590410800098793,0.8452626526064497,0.8807391897031198,0.8376580150631667,0.8677175906466689,0.6713216833751147,0.6910780557901153,0.6697930569894273,0.7371027210959014,0.8522448101649843,0.8797104421286965,0.8417806992800618,0.9281832971018292
A_{43},0.26179623082875314,0.29622852148349316,0.26486781800537496,0.33319537003764,0.5731356967364744,0.6256142425688779,0.5668119725134432,0.5448877914414115,0.24896581958550593,0.276277610340238,0.2508383547224785,0.353370014962445,0.8592810941438105,0.8844995533278261,0.8491569716857124,0.9286585095815842
A_{44},0.66951790583271,0.7256402696228788,0.6547947442891178,0.7260254945114025,0.643757707065755,0.6812612639885691,0.6436127849297248,0.5086763949789311,0.4056446394617996,0.45862886541346054,0.40548459369706097,0.5413032471331455,0.9122271485363544,0.9357661999907184,0.9076181631465696,0.9713385785491752
A_{45},0.8120980158564123,0.8127790063621805,0.8140777847866573,0.8090434163596278,0.28781619254346075,0.2522000123888555,0.2977106330109248,0.08189917397600079,0.5981186766774287,0.6020782953542505,0.5944035799133811,0.6574215849635371,0.9276227170247892,0.9471109687436434,0.9223254405975831,0.9857779638179722
A_{46},0.4176933773796227,0.4472917805250798,0.40528358724794267,0.45820752375551194,0.5108181387051643,0.5111912274189314,0.5113836345255435,0.31340074206968,0.2869766444992197,0.32919370001595755,0.28850353292620917,0.38274261363742434,0.9077343746640744,0.9320877650105828,0.9012408869157732,0.9809485265119074
A_{47},0.36083375839332166,0.38652147123418057,0.3622840302350889,0.3672423258552561,0.48823966306177463,0.4979329808688061,0.4832454868512734,0.48503535060700775,0.4864372973621168,0.562751735722165,0.4868096114744146,0.6535665319800199,0.4044581101852849,0.40504736292663945,0.38713925024412826,0.3412474460007202
A_{48},0.6304124515843439,0.6501189058527405,0.6291686400152631,0.6068044506596141,0.5385468651852505,0.5895083811215062,0.5366230198729237,0.4992182965130621,0.5702387697484423,0.5700482469037538,0.5667952244431687,0.6254133608743613,0.8483149135140623,0.8748747729944821,0.8382694714679523,0.9197360534553876
A_{49},0.5533232392821391,0.5747474978355755,0.5546975285125519,0.5514891188908695,0.59542408981956,0.6738628387541753,0.5886120808739626,0.5149743077672237,0.5407187232093622,0.533778556671319,0.5377459817398801,0.5879482230131252,0.919550141208589,0.9421194108698698,0.9136783766160714,0.9873480167550746
A_{50},0.5147406041152495,0.5538173707598166,0.5176780734076903,0.5355828947985143,0.46486076678318655,0.4841236246532108,0.4661326370298044,0.3795330130162487,0.25386118157587073,0.2890782796627606,0.2559650219657627,0.3460985975551434,0.9279352732598576,0.947446055784581,0.922635866139673,0.9860086682423168
A_{51},0.2806156259961821,0.3117353810287701,0.28052361555730615,0.3354149133088312,0.553021288865442,0.524713084802688,0.5479596381178722,0.35277069759380136,0.14635517485538227,0.15667205407501328,0.14465846474165556,0.2047426844571416,0.8797343784583818,0.903290157178178,0.8706031688660459,0.9498105573024171
A_{52},0.6687441164172148,0.7069373413878152,0.6683659870621885,0.6674626404437692,0.46019868997122737,0.4649300531061063,0.45241647739435625,0.36063707181767457,0.09193566086367667,0.1042648375506138,0.09187549220813912,0.11796609110259858,0.868413317134917,0.8866332068220435,0.8593725511837478,0.9161354126466928
A_{53},0.38260248034391575,0.37524795963796814,0.3811258994059631,0.33041765708242327,0.7202307101014791,0.7637743696852933,0.7109400748506074,0.7055166156409912,0.3503223584116099,0.4031709161444838,0.3499207189973886,0.4598564346741102,0.7549163214328317,0.7991227432739397,0.7429944279919873,0.8681726424224713
A_{54},0.4066299540415353,0.4379904259631503,0.4078645196661011,0.42049419455252696,0.4876119898554502,0.5170457003887674,0.4956468150800011,0.3134016915416617,0.3806209867705029,0.4435834034987868,0.38094847700917805,0.5042668163824784,0.8293714814546874,0.8619174683694204,0.8317779263783349,0.8316666363842855
A_{55},0.7076411671260341,0.7178402935472832,0.7040650621162934,0.6804018247622318,0.7319170027850468,0.7894926974233842,0.7225224156223159,0.6488314033946684,0.18032667839786293,0.19839595820921668,0.1802817036287831,0.24094716908968544,0.8402619256338776,0.8694185552834921,0.8298519164886544,0.9194119622442606
A_{56},0.705412529023651,0.7153237923949914,0.7035832230925989,0.6849204827676579,0.4999565238290198,0.5302499366870885,0.4964010370063828,0.44094962703624824,0.2975721033253269,0.3244659781311749,0.29541804612517836,0.3930617811672463,0.9044851171753792,0.9212224231746394,0.8969994599148512,0.9550553282235992
A_{57},0.1086487294600884,0.1060254445835688,0.1117090420373905,0.08322810787450119,0.5622415954982528,0.6003345231900205,0.5504659804513656,0.5181169776342671,0.4599745384768131,0.5297955569645515,0.4618613424486879,0.615568690598834,0.9048214771970202,0.9204666503196474,0.8972489258963651,0.9518552911805476
A_{58},0.807606426785155,0.8238881466740527,0.809539932839284,0.8110614132859966,0.4167492993313136,0.4200970537851162,0.41562491124504425,0.2567063227581029,0.1904402300277959,0.21806820303862,0.19052642476295575,0.23536673905386837,0.931518373111654,0.9508468977747891,0.9265398072138444,0.9893798966290396
A_{59},0.34173506115161295,0.37959177214986806,0.3413290739142812,0.4001765343969968,0.7953125447395649,0.8434687724587151,0.7818522222222113,0.848818239130295,0.26325473687241163,0.3008884183236376,0.2649573576533739,0.3517801362189708,0.9501084928188402,0.9631536279619932,0.946762195692484,0.9858863519118296
A_{60},0.01953270758251485,0.01225988808753495,0.02603981680468414,2.423682349968828e-7,0.4350952678417488,0.44132091673747054,0.4431606944970912,0.24883208494169456,0.05011792512479493,0.05249548076566689,0.04999194018792458,0.07635632651119516,0.8596091330719939,0.8830932789076069,0.8500845055973936,0.9228319564411228
A_{61},0.5162537133829838,0.5551996009381549,0.5191746538035965,0.5354970866455405,0.42289206032020055,0.4276768684908277,0.4308163390408763,0.316540508302857,0.5435038567585698,0.6345643014161076,0.5424683880932845,0.7281885656094131,0.9451279015110916,0.960421163589264,0.9411995051120524,0.9903264650552192
A_{62},0.6653705713426221,0.6848671787835209,0.6664721209076685,0.6584295208885597,0.42149711323538114,0.4267862399702012,0.4303837594391011,0.2803235743746669,0.8145859989510474,0.8180078452311809,0.813963664603872,0.8547281965290188,0.9804460722970612,0.9849943397347284,0.9789088113478271,0.9938480271016435
A_{63},0.20492254671126936,0.21843404588302404,0.21053808147726977,0.207308484074075,0.542412107445329,0.5877359042996425,0.5375942099098121,0.4677249965311096,0.3274846749284596,0.3604379383351106,0.3254824701854413,0.43171274230744294,0.9553837929306178,0.9673201992598586,0.9520806713547278,0.9905617586827228
A_{64},0.7479148631186311,0.7650944894441274,0.7479740917370854,0.7475142011114229,0.5268239759603089,0.5640030973156197,0.523812162990227,0.4708709582709269,0.6759569362194809,0.6908764924184093,0.6729652473536487,0.7412524749435443,0.964807776502098,0.9744437530405512,0.962689907285088,0.9902915550875784
A_{65},0.4844601219779521,0.5268771974776577,0.4863742586801286,0.519248727378997,0.2733862866410536,0.23895484312206208,0.27585373457671997,0.04095811120954308,0.6404641847403431,0.6501533908004413,0.6394199821006497,0.7037903011126996,0.9331315265541296,0.9518750105591424,0.9283599847353152,0.9885572814818536
A_{66},0.229858303641389,0.2555547938575256,0.22997836041782305,0.28452595245838913,0.44354758843302466,0.45769656927772634,0.4406269211888984,0.3464630662432834,0.23838444851339052,0.2679998747077015,0.23828218454491043,0.3142172996394501,0.9523891478230996,0.966914087739273,0.9489565486096526,0.9956896088787474
A_{67},0.1518239204708657,0.1538273490250126,0.1533511563102053,0.125170329041494,0.5991491796747782,0.6296690351947387,0.5991312135165521,0.5023717710339433,0.18649496445235075,0.21361624103595428,0.18754292743457668,0.2325061026829055,0.941132386882384,0.9572743300164452,0.9368697719267994,0.9887737206441136
A_{68},0.4964684031952773,0.5255416604314037,0.49861406744349,0.5012819474242708,0.6741356752629033,0.7013750725165623,0.668162896284369,0.6677177999338854,0.29549272189513537,0.3500731093757355,0.29867297493894096,0.3857608802927479,0.948049648949325,0.9624237674563744,0.9443056718300992,0.9903682136467228
A_{69},0.9266862808359732,0.9417965707339364,0.9287376232276116,0.9469642983381752,0.6106508282648373,0.6297052843892513,0.60755275580173,0.474028374844608,0.32286526885451944,0.3620051001584128,0.3239498535255635,0.43570520643659383,0.9627266633284172,0.974179334156564,0.9601525382908044,0.9961459405810732
A_{70},0.3690734717853111,0.39321599356219417,0.3728681153543752,0.3805352628835518,0.5664610373568352,0.6041865625795104,0.5583312776702987,0.6110190011670565,0.4766267821993122,0.5431116046401829,0.4747009904290827,0.6228958034407783,0.9352391247442862,0.9534939066510756,0.9316202979748976,0.9825536828919316
A_{71},0.06287890069107814,0.0689157050212004,0.06257675415992094,0.08315346925531876,0.4073284905201793,0.40357461535636013,0.40613875223545715,0.3118140487967387,0.5323160738266355,0.5253975781201777,0.526314591320782,0.5804995206479633,0.873137090129751,0.9005284888590923,0.8643181822395487,0.9524191643796434
A_{72},0.2521543842342901,0.26659118203005405,0.2549850029060033,0.24703198345739225,0.4959828590824583,0.5212036004151607,0.4973638231799369,0.33229700097139586,0.30930818362540524,0.35773021539255395,0.3112288762469246,0.41499022212856945,0.9646319878079286,0.9738376176985792,0.9624084091050524,0.988985968430073
A_{73},0.4632032716309052,0.45787743498533345,0.46190550292000304,0.41517439751717256,0.4062577761475356,0.4138341295973319,0.40905975056415705,0.316539760858272,0.2887472855655987,0.33145021874239566,0.2902527457896976,0.38404059282718506,0.9892941150925932,0.9923429057492212,0.988529937081662,0.9981168481277076
A_{74},0.7186566606625332,0.7309248088042802,0.7177486341842977,0.7042190305311057,0.4334006021862541,0.4375702145470449,0.4325790796233127,0.365356424781974,0.4505438987212451,0.4227662355740442,0.4457545900529519,0.4753981649217978,0.9908156299209367,0.9934084281011716,0.99019749176955,0.99824940367864
A_{75},0.5119333453359701,0.5569757698397526,0.5133831700865823,0.5448700954483385,0.4375615308183981,0.44610235044778734,0.43440481271620374,0.3889757871466524,0.3742370687965249,0.43814510559749265,0.3761874735427596,0.5003650474372707,0.921562628886614,0.9438513021497914,0.91605176833018,0.9878899175788152
A_{76},0.8234265429580602,0.8454830835556402,0.8234748461740681,0.8162054991869226,0.48968874050391265,0.5010796353819429,0.48267349728844183,0.4850355604019947,0,0,0,0,0.9165734487573725,0.9326570742481516,0.9103309545269376,0.963152428485027
A_{77},0.7025100699513935,0.7171666203289427,0.7028064303145898,0.7109703994056412,0.7255119097869509,0.783910591890984,0.7120217448861084,0.7669296272301394,0.6987016264378366,0.7209120294320147,0.6963800197053848,0.7806144910793901,0.9686580553673486,0.9775058153265792,0.9668621065342956,0.991774432627896
A_{78},0.43255095083617234,0.4316848547608025,0.4318949972067703,0.3947590706570507,0.7640507648829424,0.8174465805669735,0.7492389822203182,0.8110230672591168,0.1794754085485395,0.20992271100743803,0.18195694346456595,0.23432573652431657,0.8486045888101401,0.8765722161766306,0.8389417028541283,0.9224726521888588
A_{79},0.43183805244769047,0.4643059235590896,0.4208989713506268,0.4674011979192187,0.151703458767266,0.09273191434989717,0.14375833436204066,0.13858008036111336,0.22431035190761,0.25588847435587,0.22665917707953087,0.30506149093162094,0.9225505873419196,0.9350601374764582,0.9161861054636448,0.9612075155948884
A_{80},0.2524129023283549,0.2711009863255739,0.25817873133296115,0.26247361526394575,0.6324083776910926,0.672877923454839,0.6232317229467775,0.6204754182461881,0.2854516389281072,0.3259663228196129,0.28648497604666834,0.38079283998766605,0.9489531909974396,0.9629683045370734,0.9452391484171968,0.9904758066979228
A_{81},0.8337172657586808,0.8351127896786154,0.8333854881996304,0.8204056016600855,0.2327864451789325,0.16931504142770926,0.21827761711381696,0.11811135537963362,0.4175433248736426,0.3876188789739404,0.4114014930175728,0.43304391639101303,0.9827892341919432,0.9880527376156064,0.9816500574106652,0.9980280383535264
A_{82},0.23383948292945972,0.2467475937681559,0.23757746119709416,0.23703419700472037,0.6540847443145393,0.6913330166401281,0.6468196341596231,0.519700175280374,0.9999998006664484,1,1,1,0.9761801736713906,0.98267478455555,0.9744991651823812,0.9950941089610088
A_{83},0.23459411982604655,0.2448811495709364,0.234701189448425,0.2169917689444324,0.5992553950966013,0.6284955074920315,0.5955814185222259,0.5401632755536102,0.5084061534030577,0.49728561759056383,0.5034735683317881,0.5494115763719387,0.978069973272993,0.984831229725836,0.9765010091587124,0.997903470702042
A_{84},0.01953270758256237,0.01225988808753495,0.02603981680468414,2.423682349968828e-7,0.5335504097018613,0.5319475846773307,0.5297147130385205,0.4173293971240511,0.3345887406878303,0.3771989284252648,0.3371198112594479,0.4643789631207691,0.897509560430864,0.9177545989294186,0.8899441316259982,0.9560422971917646
A_{85},0.23535599777416424,0.24844904270503965,0.23936711900373808,0.23745547679189397,0.6158651445046444,0.6899271494323592,0.6084301209553511,0.5779618801513582,0.6412594401041627,0.6541476668905771,0.6389903507122371,0.7023027938673876,0.7878838954091214,0.8139145369700217,0.77775386574828,0.8290755127891721
A_{86},0.616251431012499,0.6147365935339612,0.6131819085533429,0.5712711801763773,0.7103934504859064,0.7572058947995987,0.7019560468820069,0.7007918562445066,0.6306966898424267,0.6433152301986457,0.6294061379558439,0.6972880001727985,0.9860893338250332,0.98976041139078,0.9851014809396104,0.9967119357651018
A_{87},0.4148235247829734,0.44996269966676705,0.41662191311481034,0.4423319169578135,0.6588195372204977,0.7083067156048019,0.6455610548515963,0.6425239701366836,0.4383213286059857,0.4998053999706629,0.4383568297688006,0.5816538691099752,0.549807656314326,0.5587705599281232,0.5525037833166256,0.36416883510438114
A_{88},0.3198358183969974,0.3415205377779176,0.32219417130049655,0.322306004681815,0.2272764054843742,0.16819505358097947,0.22616013122850667,1.0761503376763308e-5,0.440626631530156,0.5017531166409301,0.4433841909548123,0.5867241139131629,0.9887387974997072,0.9920295104472098,0.9879586436680962,0.9982716409791532
A_{89},0.484700396680802,0.5247632864091476,0.4862055693552925,0.5053758074422965,0.7178379703480635,0.7716990085667554,0.7109079743202311,0.6803225962187196,0.5220162142591047,0.5100935123693155,0.5175868534826711,0.5550565586361249,0.9999999822380696,1,1,1
A_{90},0.87469747215558,0.9037439899325806,0.8717213604045273,0.8709844324534469,0.43805773854164,0.45747427052965006,0.4362998521007795,0.35591088717149577,0.29333582372341854,0.3244160040587552,0.29389350309909124,0.3983842558595993,0.923948505565952,0.9382268654408166,0.9180873682007168,0.9652566203927722
A_{91},0.9277549313437456,0.9429973334989882,0.9297227193726932,0.94905073244415,0.3155546824414117,0.27567503797070964,0.3158133397809714,0.14961365162105172,0.4413313508256808,0.5015965237859309,0.4433509942710565,0.5843134054447926,0.9412845026972508,0.955612831069142,0.9376493835966871,0.9777756078803757
A_{92},0.1625154007512827,0.16527147242977308,0.16466452961684364,0.13594505351241948,0.4612046114605177,0.47636016384327057,0.4684227448097817,0.32599424092266654,0.21525254590928736,0.2515266488161157,0.2171590140277861,0.2752138660406578,0.95714649365218,0.9698980301187132,0.9541544418378785,0.994594988774276
A_{93},0.29002922462812397,0.308098832529892,0.2907360575405481,0.2873458177945076,0.5750516023068104,0.6088020745387631,0.5719631566642571,0.576377718348025,0.40361409887848176,0.4707928450207799,0.4037018732938504,0.5371136641131058,0.9651602109864592,0.9751686300494498,0.9631694733874876,0.9915732736725252
A_{94},0.8393129851640412,0.842316320432508,0.8391709370227115,0.8298943995616266,0.4891239178435586,0.5140242916270384,0.4812204558031031,0.4692920358686682,0.3626495137072473,0.40476301728989855,0.3618886663024377,0.4720090383832763,0.9833234317599198,0.9883438721572184,0.9821397819757136,0.9979958418570296
A_{95},0.2533020812483177,0.2724981784822636,0.2590710631151277,0.2651602143568292,0.32764552790367213,0.292097813383907,0.334566293499071,0.21574800418769,0.22579628729521792,0.25787720395558855,0.22783799353858564,0.3057798577206532,0.9641458031690856,0.9741584676704924,0.9616094436233922,0.9934376881901033
A_{96},0.4487129801753862,0.4259402691226225,0.4430279800026255,0.3645872864499095,0.666168556174919,0.7092955032527999,0.6624312790715928,0.5874116925881218,0.33834891770579933,0.384271460527437,0.3408764452954539,0.464932350567427,0.98788989399058,0.9909842238951284,0.9870205107081576,0.99683586725851
A_{97},0.03066241811636496,0.03177480029054247,0.02877002771267697,0.0333729127288922,0.6138506227779807,0.6431850012858322,0.6134362429509345,0.5102465086771885,0.4800421335092646,0.46088494580888334,0.4747460442450164,0.5114760350174675,0.971212364757846,0.9801649522632964,0.9688214920447212,0.999006744713625
A_{98},0.4458435141265496,0.47874840840865773,0.4322410769262336,0.4877339036551594,0.5545331854216563,0.6082894609902132,0.5541976293063238,0.4944964451356845,0.5081316196088196,0.5805235466983497,0.5071914628654418,0.6601138171970363,0.9838144608012604,0.9887283782674984,0.9826618433306106,0.9981506928513786
A_{99},0.8131069014019416,0.8138730531391727,0.8149724610637451,0.8107712678068596,0.6685176695667431,0.6728900914033575,0.6651782524830171,0.5291479609108775,0.3923603684093864,0.4421820232250894,0.3914074136934386,0.5081011242064473,0.5294080089721039,0.5316736181967576,0.5167373686654261,0.4066634953759382
A_{100},0.9397294704678424,0.9552901063066536,0.9409747773451176,0.9539922035070088,0.2792162199443973,0.2366804908243964,0.2908116431284488,0.10394149224228608,0.5422481247732626,0.5404654432619919,0.5382962373773093,0.5869943213213251,0.962922384972718,0.9742477407391974,0.9603718818823956,0.99607930823811075
